date,cases,deaths,death_percentage,global_vaccinations
01/01/2020,NULL,NULL,NULL,NULL
02/01/2020,NULL,NULL,NULL,NULL
03/01/2020,NULL,NULL,NULL,NULL
04/01/2020,NULL,NULL,NULL,NULL
05/01/2020,NULL,NULL,NULL,NULL
06/01/2020,NULL,NULL,NULL,NULL
07/01/2020,NULL,NULL,NULL,NULL
08/01/2020,NULL,NULL,NULL,NULL
09/01/2020,NULL,NULL,NULL,NULL
10/01/2020,NULL,NULL,NULL,NULL
11/01/2020,NULL,NULL,NULL,NULL
12/01/2020,NULL,NULL,NULL,NULL
13/01/2020,NULL,NULL,NULL,NULL
14/01/2020,NULL,NULL,NULL,NULL
15/01/2020,NULL,NULL,NULL,NULL
16/01/2020,NULL,NULL,NULL,NULL
17/01/2020,NULL,NULL,NULL,NULL
18/01/2020,NULL,NULL,NULL,NULL
19/01/2020,NULL,NULL,NULL,NULL
20/01/2020,NULL,NULL,NULL,NULL
21/01/2020,NULL,NULL,NULL,NULL
22/01/2020,2228,68,3.052064632,NULL
23/01/2020,2628,72,2.739726027,NULL
24/01/2020,3778,104,2.752779248,NULL
25/01/2020,5751,168,2.92123109,NULL
26/01/2020,8483,224,2.640575268,NULL
27/01/2020,11720,328,2.798634812,NULL
28/01/2020,22328,524,2.346829094,NULL
29/01/2020,24686,532,2.15506765,NULL
30/01/2020,32958,684,2.075368651,NULL
31/01/2020,39721,852,2.144961104,NULL
01/02/2020,48171,1036,2.150671566,NULL
02/02/2020,67169,1448,2.155756376,NULL
03/02/2020,79571,1704,2.141483706,NULL
04/02/2020,95620,1968,2.058146831,NULL
05/02/2020,110600,2256,2.039783002,NULL
06/02/2020,123248,2536,2.057639881,NULL
07/02/2020,137504,2876,2.091575518,NULL
08/02/2020,148433,3224,2.172023741,NULL
09/02/2020,160553,3624,2.257198557,NULL
10/02/2020,170847,4052,2.371712702,NULL
11/02/2020,179022,4452,2.486845192,NULL
12/02/2020,180614,4472,2.475998538,NULL
13/02/2020,241222,5484,2.27342448,NULL
14/02/2020,267248,6092,2.279530623,NULL
15/02/2020,275687,6665,2.417596767,NULL
16/02/2020,284279,7081,2.49086285,NULL
17/02/2020,292221,7473,2.557311076,NULL
18/02/2020,299573,8033,2.681483311,NULL
19/02/2020,301415,8493,2.817709802,NULL
20/02/2020,303633,8989,2.960481898,NULL
21/02/2020,306170,9006,2.941503087,NULL
22/02/2020,313260,9835,3.139564579,NULL
23/02/2020,314768,9878,3.138184314,NULL
24/02/2020,317114,10522,3.31804966,NULL
25/02/2020,320632,10845,3.382382295,NULL
26/02/2020,324644,11090,3.41604958,NULL
27/02/2020,330255,11267,3.411606183,NULL
28/02/2020,336266,11503,3.420803768,NULL
29/02/2020,344076,11791,3.426859182,NULL
01/03/2020,354300,12012,3.390347163,NULL
02/03/2020,362714,12387,3.415087369,NULL
03/03/2020,373774,12712,3.400985622,NULL
04/03/2020,383948,13121,3.417389855,NULL
05/03/2020,395989,13538,3.418781835,NULL
06/03/2020,413267,14044,3.398287306,NULL
07/03/2020,431821,14513,3.360883329,NULL
08/03/2020,449505,15618,3.474488604,NULL
09/03/2020,469848,16494,3.510497012,NULL
10/03/2020,491706,17783,3.616592029,NULL
11/03/2020,526048,19399,3.687686295,NULL
12/03/2020,557257,20833,3.738490499,NULL
13/03/2020,619006,23151,3.740028368,NULL
14/03/2020,669703,25114,3.750020531,NULL
15/03/2020,721921,28186,3.904305319,NULL
16/03/2020,790148,31395,3.973306267,NULL
17/03/2020,859910,35207,4.094265679,NULL
18/03/2020,940555,39464,4.195820553,NULL
19/03/2020,1065639,44682,4.192977171,NULL
20/03/2020,1199809,51766,4.314520061,NULL
21/03/2020,1348484,59996,4.449144372,NULL
22/03/2020,1501679,67980,4.526932853,NULL
23/03/2020,1693944,77291,4.562783658,NULL
24/03/2020,1882492,88204,4.685491359,NULL
25/03/2020,2115251,101508,4.798863114,NULL
26/03/2020,2387454,115640,4.843653532,NULL
27/03/2020,2672540,131814,4.932161913,NULL
28/03/2020,2982427,149528,5.013634869,NULL
29/03/2020,3233638,165596,5.121043234,NULL
30/03/2020,3519614,184260,5.235233182,NULL
31/03/2020,3863619,205947,5.330416897,NULL
01/04/2020,4219747,233469,5.532772462,NULL
02/04/2020,4577161,259991,5.680180356,NULL
03/04/2020,4944351,288047,5.825779764,NULL
04/04/2020,5192926,314685,6.059878381,NULL
05/04/2020,5504017,338234,6.145220845,NULL
06/04/2020,5821875,364203,6.255768116,NULL
07/04/2020,6112357,401245,6.564488952,NULL
08/04/2020,6464812,431128,6.668840486,NULL
09/04/2020,6836974,466108,6.817460473,NULL
10/04/2020,7207583,499468,6.929757174,NULL
11/04/2020,7530741,528049,7.011912905,NULL
12/04/2020,8074416,553494,6.854910621,NULL
13/04/2020,8378401,579829,6.920520992,NULL
14/04/2020,8745550,611003,6.986444535,NULL
15/04/2020,9077633,648161,7.140198331,NULL
16/04/2020,9488456,680949,7.176604919,NULL
17/04/2020,9860287,718035,7.282090268,NULL
18/04/2020,10190651,745555,7.316068424,NULL
19/04/2020,10516223,769183,7.314251514,NULL
20/04/2020,10832758,794671,7.335814204,NULL
21/04/2020,11153637,826520,7.410318267,NULL
22/04/2020,11498431,857059,7.453703901,NULL
23/04/2020,11842144,886909,7.489429279,NULL
24/04/2020,12181956,916915,7.526829025,NULL
25/04/2020,12529283,942590,7.523096094,NULL
26/04/2020,12823141,961005,7.494302683,NULL
27/04/2020,13118122,982156,7.487016815,NULL
28/04/2020,13432471,1011024,7.526716417,NULL
29/04/2020,13749919,1040808,7.569557319,NULL
30/04/2020,14094196,1066714,7.568462933,NULL
01/05/2020,14459327,1089906,7.537736715,NULL
02/05/2020,14779964,1115108,7.544727443,NULL
03/05/2020,15082427,1131391,7.501385553,NULL
04/05/2020,15397713,1150132,7.469498879,NULL
05/05/2020,15723190,1176504,7.482603721,NULL
06/05/2020,16096172,1205267,7.48791079,NULL
07/05/2020,16459016,1229256,7.46858743,NULL
08/05/2020,16828771,1254419,7.454014319,NULL
09/05/2020,17173260,1273826,7.417496736,NULL
10/05/2020,17479124,1290650,7.383951278,NULL
11/05/2020,17789718,1306795,7.345788168,NULL
12/05/2020,18137329,1331483,7.341119522,NULL
13/05/2020,18480094,1354320,7.328534151,NULL
14/05/2020,18868961,1378047,7.303247911,NULL
15/05/2020,19259855,1401826,7.27848678,NULL
16/05/2020,19640635,1420668,7.233309921,NULL
17/05/2020,19957591,1435791,7.194209963,NULL
18/05/2020,20317837,1452835,7.150539696,NULL
19/05/2020,20704563,1473550,7.117030193,NULL
20/05/2020,21131271,1495903,7.079096189,NULL
21/05/2020,21559793,1516313,7.033059176,NULL
22/05/2020,21994725,1540249,7.002810901,NULL
23/05/2020,22416703,1558263,6.951347841,NULL
24/05/2020,22792555,1572457,6.898993992,NULL
25/05/2020,23147401,1576921,6.812518606,NULL
26/05/2020,23521030,1596124,6.785944323,NULL
27/05/2020,23934468,1618034,6.760267243,NULL
28/05/2020,24423232,1638675,6.70949283,NULL
29/05/2020,24915164,1659805,6.661826509,NULL
30/05/2020,25462203,1677362,6.58765465,NULL
31/05/2020,25876789,1690143,6.531502035,NULL
01/06/2020,26280774,1704861,6.487103462,NULL
02/06/2020,26773888,1726351,6.447890572,NULL
03/06/2020,27219422,1749414,6.427079899,NULL
04/06/2020,27781005,1771606,6.377040715,NULL
05/06/2020,28320374,1792515,6.329418531,NULL
06/06/2020,28842361,1809266,6.272946934,NULL
07/06/2020,29289683,1821979,6.220548717,NULL
08/06/2020,29704869,1839598,6.192917397,NULL
09/06/2020,30212650,1860357,6.157543281,NULL
10/06/2020,30765456,1882370,6.118453112,NULL
11/06/2020,31314616,1902944,6.076855613,NULL
12/06/2020,31829105,1922085,6.038765463,NULL
13/06/2020,32368980,1939925,5.993160736,NULL
14/06/2020,32899671,1954716,5.941445433,NULL
15/06/2020,33401745,1970808,5.90031449,NULL
16/06/2020,33981114,1999577,5.884377422,NULL
17/06/2020,34558524,2021800,5.8503656,NULL
18/06/2020,35136097,2043355,5.815543485,NULL
19/06/2020,35864801,2070105,5.771968455,NULL
20/06/2020,36612170,2088111,5.703324878,NULL
21/06/2020,36987417,2106541,5.695290915,NULL
22/06/2020,37559132,2121820,5.649278583,NULL
23/06/2020,38235713,2144383,5.608324866,NULL
24/06/2020,38926412,2166442,5.565480836,NULL
25/06/2020,39648881,2186977,5.515860586,NULL
26/06/2020,40424111,2207502,5.460854785,NULL
27/06/2020,41133863,2226356,5.412465151,NULL
28/06/2020,41810139,2240733,5.359305311,NULL
29/06/2020,42423405,2256931,5.320013799,NULL
30/06/2020,43161298,2278044,5.277978433,NULL
01/07/2020,44025387,2299724,5.223631538,NULL
02/07/2020,44849028,2321818,5.176963924,NULL
03/07/2020,45663235,2342920,5.130867316,NULL
04/07/2020,46425099,2362073,5.087922376,NULL
05/07/2020,47171470,2377318,5.039736943,NULL
06/07/2020,47846951,2394289,5.004057625,NULL
07/07/2020,48687695,2419909,4.970268155,NULL
08/07/2020,49552444,2442600,4.929322961,NULL
09/07/2020,50454413,2465982,4.887544723,NULL
10/07/2020,51392238,2489088,4.843315055,NULL
11/07/2020,52247147,2509574,4.803274713,NULL
12/07/2020,53021005,2526763,4.765588657,NULL
13/07/2020,53803468,2544377,4.729020442,NULL
14/07/2020,54690776,2568409,4.696237991,NULL
15/07/2020,55613511,2592247,4.661182064,NULL
16/07/2020,56599126,2617046,4.623827583,NULL
17/07/2020,57555160,2645186,4.595914597,NULL
18/07/2020,58500309,2671261,4.566234001,NULL
19/07/2020,59350337,2690880,4.533891695,NULL
20/07/2020,60191465,2706651,4.496735542,NULL
21/07/2020,61168806,2732137,4.466552772,NULL
22/07/2020,62277217,2761786,4.434665088,NULL
23/07/2020,63404348,2788466,4.397909746,NULL
24/07/2020,64547297,2814397,4.360208918,NULL
25/07/2020,65552310,2838768,4.330538466,NULL
26/07/2020,66403895,2856266,4.301353106,NULL
27/07/2020,67352738,2877462,4.272227211,NULL
28/07/2020,68416034,2905307,4.246529403,NULL
29/07/2020,69506115,2932096,4.218472001,NULL
30/07/2020,70643770,2959215,4.188925648,NULL
31/07/2020,71804669,2985696,4.158080584,NULL
01/08/2020,72796101,3009798,4.13455935,NULL
02/08/2020,73723218,3028500,4.107932456,NULL
03/08/2020,74562708,3047851,4.087634532,NULL
04/08/2020,75636020,3076656,4.067712711,NULL
05/08/2020,76748208,3106377,4.047491246,NULL
06/08/2020,77908031,3133796,4.022429985,NULL
07/08/2020,79052411,3160871,3.998449839,NULL
08/08/2020,80120456,3185047,3.975323106,NULL
09/08/2020,81058047,3205819,3.954966988,NULL
10/08/2020,82008398,3227449,3.935510361,NULL
11/08/2020,83082487,3254026,3.91662084,NULL
12/08/2020,84195890,3281942,3.897983619,NULL
13/08/2020,85374879,3309276,3.876170647,NULL
14/08/2020,86619984,3335752,3.851018952,NULL
15/08/2020,87626967,3360071,3.834517061,NULL
16/08/2020,88475632,3379310,3.819481052,NULL
17/08/2020,89347748,3397908,3.803014711,NULL
18/08/2020,90398736,3426288,3.790194589,NULL
19/08/2020,91526659,3452181,3.771776483,NULL
20/08/2020,92632709,3478066,3.754684536,NULL
21/08/2020,93700841,3501211,3.736584392,NULL
22/08/2020,94768419,3524479,3.719043788,NULL
23/08/2020,95590543,3541832,3.705211717,NULL
24/08/2020,96528890,3561264,3.689324512,NULL
25/08/2020,97527600,3587676,3.678626358,NULL
26/08/2020,98669923,3613935,3.66265108,NULL
27/08/2020,99849048,3638959,3.644460386,NULL
28/08/2020,101010187,3662374,3.625747173,NULL
29/08/2020,102067116,3685616,3.610972999,NULL
30/08/2020,102958056,3702749,3.596366466,NULL
31/08/2020,104046762,3720605,3.575896961,NULL
01/09/2020,105134650,3747196,3.564187449,NULL
02/09/2020,106285598,3772551,3.549447029,NULL
03/09/2020,107452466,3797137,3.533783022,NULL
04/09/2020,108687536,3820736,3.515339606,NULL
05/09/2020,109802383,3841261,3.498340286,NULL
06/09/2020,110733354,3857844,3.483904226,NULL
07/09/2020,111640167,3896425,3.490164073,NULL
08/09/2020,112650181,3917160,3.477278035,NULL
09/09/2020,113818009,3942397,3.463772592,NULL
10/09/2020,115067987,3966591,3.447171627,NULL
11/09/2020,116367043,3990741,3.429442647,NULL
12/09/2020,117545492,4011032,3.41232312,NULL
13/09/2020,118557657,4026920,3.39659209,NULL
14/09/2020,119667852,4045517,3.380621389,NULL
15/09/2020,120818529,4072134,3.370454875,NULL
16/09/2020,122074118,4095997,3.355336141,NULL
17/09/2020,123375797,4118859,3.338465972,NULL
18/09/2020,124726798,4142638,3.321369639,NULL
19/09/2020,125929019,4163869,3.306520636,NULL
20/09/2020,126974175,4179860,3.291897742,NULL
21/09/2020,128062537,4197811,3.27793834,NULL
22/09/2020,129236752,4222878,3.267551942,NULL
23/09/2020,130525118,4249352,3.255581811,NULL
24/09/2020,131854682,4272342,3.240189833,NULL
25/09/2020,133224591,4296809,3.225237149,NULL
26/09/2020,134401376,4318746,3.21331978,NULL
27/09/2020,135416459,4334268,3.200695124,NULL
28/09/2020,136516711,4350949,3.187118242,NULL
29/09/2020,137674192,4375557,3.178196971,NULL
30/09/2020,139027254,4401968,3.166262638,NULL
01/10/2020,140350937,4437914,3.162012378,NULL
02/10/2020,141720521,4461057,3.147784787,NULL
03/10/2020,142951812,4480324,3.134149849,NULL
04/10/2020,144028693,4496528,3.121966815,NULL
05/10/2020,145322511,4525084,3.113821781,NULL
06/10/2020,146636333,4549186,3.102359359,NULL
07/10/2020,148095748,4573224,3.088018435,NULL
08/10/2020,149603297,4599170,3.074243745,NULL
09/10/2020,151125461,4624546,3.060070732,NULL
10/10/2020,152622825,4644433,3.04307891,NULL
11/10/2020,153835759,4661257,3.030021778,NULL
12/10/2020,155064611,4678091,3.01686566,NULL
13/10/2020,156411756,4700254,3.005051615,NULL
14/10/2020,158026685,4725766,2.990486069,NULL
15/10/2020,159765084,4751241,2.973891968,NULL
16/10/2020,161519884,4776880,2.957456309,NULL
17/10/2020,163114074,4800160,2.942823928,NULL
18/10/2020,164532159,4816080,2.927135965,NULL
19/10/2020,166138574,4835690,2.910636515,NULL
20/10/2020,167800334,4863369,2.898307103,NULL
21/10/2020,169692318,4891870,2.88278813,NULL
22/10/2020,171785295,4916498,2.862001663,NULL
23/10/2020,173932989,4946207,2.843742885,NULL
24/10/2020,175918751,4970629,2.825525404,NULL
25/10/2020,177464927,4988283,2.810855691,NULL
26/10/2020,179612704,5012164,2.790539805,NULL
27/10/2020,181648115,5043942,2.776765396,NULL
28/10/2020,183920368,5074206,2.758914662,NULL
29/10/2020,186339005,5104675,2.739455972,NULL
30/10/2020,188852914,5137474,2.720357283,NULL
31/10/2020,190921941,5165561,2.705587934,NULL
01/11/2020,192842585,5187402,2.689967053,NULL
02/11/2020,195288044,5213666,2.669731282,NULL
03/11/2020,197765017,5255233,2.657311733,NULL
04/11/2020,199862914,5299094,2.651364325,NULL
05/11/2020,202571688,5336398,2.634325681,NULL
06/11/2020,205303430,5376120,2.618621618,NULL
07/11/2020,207941689,5409420,2.601411976,NULL
08/11/2020,210070737,5435507,2.587465098,NULL
09/11/2020,212272625,5467056,2.575488007,NULL
10/11/2020,214718057,5510096,2.566200569,NULL
11/11/2020,217428063,5556002,2.55532884,NULL
12/11/2020,220191199,5598209,2.542430863,NULL
13/11/2020,223045516,5641144,2.529144769,NULL
14/11/2020,225576623,5680312,2.518129727,NULL
15/11/2020,227688982,5709076,2.507401083,NULL
16/11/2020,229937220,5743119,2.497690022,NULL
17/11/2020,232525497,5791633,2.490751799,NULL
18/11/2020,235191274,5841306,2.483640613,NULL
19/11/2020,237998737,5889356,2.474532459,NULL
20/11/2020,240887635,5940569,2.466116204,NULL
21/11/2020,243423146,5980004,2.456629165,NULL
22/11/2020,245538865,6012347,2.448633539,NULL
23/11/2020,247781450,6048855,2.441205748,NULL
24/11/2020,250295360,6103726,2.438609329,NULL
25/11/2020,252905443,6156413,2.434274615,NULL
26/11/2020,255441695,6204169,2.428800435,NULL
27/11/2020,258377367,6254652,2.42074299,NULL
28/11/2020,260939832,6295477,2.412616331,NULL
29/11/2020,263022190,6327110,2.405542285,NULL
30/11/2020,265127428,6365039,2.400747085,NULL
01/12/2020,267699357,6419696,2.398099148,NULL
02/12/2020,270388350,6474257,2.394428976,0
03/12/2020,273300805,6528971,2.388932224,3
04/12/2020,276232396,6582648,2.383010862,6
05/12/2020,278934375,6628002,2.376186872,9
06/12/2020,281215698,6661718,2.368899762,12
07/12/2020,283436851,6698260,2.363228344,15
08/12/2020,286074257,6750427,2.359676495,18
09/12/2020,288874255,6805624,2.355912264,22
10/12/2020,295008017,6859280,2.325116473,26
11/12/2020,297992258,6916094,2.320897209,42
12/12/2020,300730273,6962537,2.315209882,46
13/12/2020,302996608,6996790,2.309197468,49
14/12/2020,305290596,7034949,2.304345136,18800
15/12/2020,308012761,7092389,2.302628299,211075
16/12/2020,311046968,7153158,2.299703497,1432616
17/12/2020,314167484,7209445,2.294777584,3118925
18/12/2020,317222627,7265375,2.290307936,5384678
19/12/2020,319906508,7313719,2.286205131,6693422
20/12/2020,322204707,7348381,2.280656005,7723527
21/12/2020,324482154,7387173,2.276603785,9969337
22/12/2020,327227781,7446826,2.275731595,12544970
23/12/2020,330111252,7506529,2.273939151,15907332
24/12/2020,333054224,7558725,2.269517831,17846588
25/12/2020,335257872,7596781,2.265951566,18859893
26/12/2020,337343916,7628181,2.261247539,20353362
27/12/2020,339057023,7660938,2.25948365,21988265
28/12/2020,341126691,7700076,2.257248173,25881874
29/12/2020,343956932,7763593,2.257141019,30695454
30/12/2020,347032419,7830780,2.256498117,36287349
31/12/2020,350578641,7889119,2.250313646,40036126
01/01/2021,353069729,7931667,2.246487407,42813550
02/01/2021,355459625,7967358,2.241424184,46505406
03/01/2021,357619390,7999530,2.236883744,49682749
04/01/2021,359942602,8039695,2.233604735,55771156
05/01/2021,363083221,8105697,2.232462568,63010121
06/01/2021,366412291,8169198,2.229509817,70895906
07/01/2021,370102251,8233152,2.22456145,79807914
08/01/2021,373631510,8299369,2.221271166,89196178
09/01/2021,376800851,8355899,2.217590268,94961259
10/01/2021,379319500,8393695,2.212829818,98441142
11/01/2021,381902834,8434443,2.208531136,106966461
12/01/2021,384813664,8506389,2.210521558,117160389
13/01/2021,387960895,8577461,2.210908654,129013485
14/01/2021,391170116,8644034,2.20978895,143939100
15/01/2021,394471213,8710905,2.20824859,158387553
16/01/2021,397214212,8769607,2.207777752,168416828
17/01/2021,399411285,8808147,2.205282457,175492343
18/01/2021,401612769,8849022,2.203371676,187544179
19/01/2021,404122153,8916538,2.206396738,202856717
20/01/2021,407033993,8993809,2.209596534,219409916
21/01/2021,409875550,9066881,2.212105845,238741658
22/01/2021,412689252,9135392,2.21362489,258601465
23/01/2021,415110095,9197021,2.215561874,272665329
24/01/2021,417046774,9235458,2.214489735,282437592
25/01/2021,419115071,9279982,2.214184753,300252251
26/01/2021,421489739,9355770,2.219691047,319344484
27/01/2021,424054428,9429528,2.223659836,337595873
28/01/2021,426667816,9499767,2.226501893,358057982
29/01/2021,429169899,9567159,2.229224142,378646752
30/01/2021,431330672,9624054,2.231247306,391823010
31/01/2021,433000392,9662495,2.231521074,399976682
01/02/2021,434895753,9703700,2.231270352,421754387
02/02/2021,436874977,9769438,2.236209102,445519681
03/02/2021,439114267,9838320,2.240491995,473440552
04/02/2021,441114405,9893656,2.242877559,500987864
05/02/2021,443414560,9967267,2.247843869,527095462
06/02/2021,445247158,10017401,2.249851755,545676870
07/02/2021,446728046,10048496,2.249354185,556781785
08/02/2021,448172938,10087594,2.25082622,578227895
09/02/2021,449894957,10151679,2.256455389,602609791
10/02/2021,451773405,10211881,2.260398883,627979545
11/02/2021,453665710,10270794,2.263956427,654072316
12/02/2021,455494449,10326076,2.267003697,682844840
13/02/2021,457103537,10371224,2.268900405,700481670
14/02/2021,458405010,10399607,2.26865038,711602719
15/02/2021,459594899,10431476,2.269711005,730338170
16/02/2021,461122214,10479886,2.272691638,753956287
17/02/2021,462777419,10529092,2.275195713,780831884
18/02/2021,464538135,10579553,2.277434769,810272238
19/02/2021,466294231,10629353,2.279537745,836819737
20/02/2021,467892989,10667677,2.279939484,854534063
21/02/2021,469255217,10695197,2.279185529,865727139
22/02/2021,470504320,10725162,2.279503406,885525871
23/02/2021,472177307,10774693,2.281916738,911111102
24/02/2021,474090398,10827463,2.283839336,940865814
25/02/2021,476035598,10873322,2.284140523,974629001
26/02/2021,477935144,10918376,2.284489044,1007148108
27/02/2021,479638444,10955107,2.284034388,1030324857
28/02/2021,480962879,10981761,2.283286607,1042714230
01/03/2021,482259575,11013240,2.28367472,1068657380
02/03/2021,483544859,11057170,2.2866896,1100927841
03/03/2021,485450306,11107102,2.287999794,1138800680
04/03/2021,487425008,11151388,2.287816139,1181306881
05/03/2021,489363232,11196170,2.287905847,1221909503
06/03/2021,491142354,11231015,2.286712785,1253003585
07/03/2021,492744205,11256069,2.284363547,1268170085
08/03/2021,494033737,11286097,2.284479005,1303266138
09/03/2021,495810183,11330922,2.285334668,1341924911
10/03/2021,497795124,11374273,2.284930577,1385406828
11/03/2021,499912918,11417642,2.283926178,1426780563
12/03/2021,502020966,11459541,2.282681756,1473312338
13/03/2021,503994128,11495857,2.280950583,1508069206
14/03/2021,505577106,11520447,2.278672603,1525194720
15/03/2021,507077990,11552214,2.278192749,1570222360
16/03/2021,509079848,11597350,2.278100389,1616515883
17/03/2021,511432650,11642412,2.27643112,1665531983
18/03/2021,513801209,11687600,2.274731899,1714881601
19/03/2021,516226298,11733246,2.272888081,1768080449
20/03/2021,518377800,11770361,2.270614405,1809119884
21/03/2021,520282166,11805643,2.269084695,1835999787
22/03/2021,522076575,11839421,2.267755645,1886181086
23/03/2021,524229281,11888219,2.267751808,1940495728
24/03/2021,526948373,11933628,2.264667397,2003771239
25/03/2021,529765579,11982879,2.261921022,2078870732
26/03/2021,532524209,12037499,2.260460425,2159260715
27/03/2021,535038742,12080375,2.257850517,2218117324
28/03/2021,537156429,12110815,2.254616038,2255352048
29/03/2021,539090628,12147217,2.253279202,2309887305
30/03/2021,541488968,12197671,2.252616714,2374750430
31/03/2021,544393383,12252220,2.250618832,2452628229
01/04/2021,547438309,12304136,2.247584029,2544730196
02/04/2021,550194692,12349314,2.244535285,2624939580
03/04/2021,552482082,12388841,2.242396886,2675995979
04/04/2021,554891682,12419954,2.238266387,2716451136
05/04/2021,556954894,12454479,2.236173725,2776397873
06/04/2021,559472448,12506107,2.23533921,2849537420
07/04/2021,562228304,12571026,2.235929054,2930362371
08/04/2021,565804984,12631505,2.232483869,3028780536
09/04/2021,568937146,12692435,2.230902849,3121819585
10/04/2021,571736000,12746882,2.229504876,3185856028
11/04/2021,574783400,12784867,2.224293012,3231073556
12/04/2021,577329523,12826462,2.221688219,3306443919
13/04/2021,580525175,12884574,2.219468604,3380611396
14/04/2021,583940804,12944062,2.216673661,3458799936
15/04/2021,587392552,13001490,2.213424388,3537657949
16/04/2021,590990970,13057690,2.209456771,3614312959
17/04/2021,594297525,13110230,2.206004476,3669115465
18/04/2021,597201719,13148093,2.201616737,3705059222
19/04/2021,600040688,13194581,2.198947715,3767617036
20/04/2021,603527842,13254500,2.19617043,3833613667
21/04/2021,607238718,13316325,2.19293082,3909105453
22/04/2021,610987856,13374476,2.188992116,4002260523
23/04/2021,614761884,13438090,2.185901623,4082402470
24/04/2021,618176116,13492794,2.182677986,4140777228
25/04/2021,621179835,13537123,2.179259892,4186434019
26/04/2021,624002440,13585306,2.177123859,4260428639
27/04/2021,627472507,13647823,2.175047169,4347865543
28/04/2021,631191900,13714135,2.172736215,4448804784
29/04/2021,634896851,13779407,2.170337903,4553648989
30/04/2021,638576851,13839235,2.167199606,4662295358
01/05/2021,641851406,13893046,2.164526847,4720611838
02/05/2021,644663804,13935267,2.161633229,4764089412
03/05/2021,647480283,13983276,2.159645068,4828532920
04/05/2021,650707903,14041354,2.157858224,4904902914
05/05/2021,654178263,14103192,2.155863745,4992126614
06/05/2021,657778332,14163479,2.15322979,5095891646
07/05/2021,661215655,14223215,2.151070516,5203123274
08/05/2021,664448928,14278028,2.14885259,5285888314
09/05/2021,667100057,14320819,2.146727294,5338495938
10/05/2021,669649441,14366327,2.145350406,5425876004
11/05/2021,672631495,14424907,2.144548257,5526684149
12/05/2021,675788371,14483252,2.14316384,5639309125
13/05/2021,678807690,14538531,2.141774646,5746980822
14/05/2021,681712552,14592025,2.14049528,5857242244
15/05/2021,684291890,14642236,2.139764655,5953642549
16/05/2021,686522095,14684001,2.138897074,6038043733
17/05/2021,688733254,14730100,2.138723506,6148372538
18/05/2021,691270629,14787778,2.139216883,6266244168
19/05/2021,694030511,14843009,2.138668079,6385403833
20/05/2021,694859036,14896887,2.143871811,6522172236
21/05/2021,697418258,14949899,2.143605911,6653926804
22/05/2021,699749018,14996527,2.14312941,6757644414
23/05/2021,701707638,15036388,2.142828036,6844394462
24/05/2021,703538576,15073479,2.142523454,6961419339
25/05/2021,705707654,15126472,2.143447349,7098332753
26/05/2021,708024484,15178826,2.14382784,7249759719
27/05/2021,710260266,15231573,2.144505856,7391105349
28/05/2021,712325910,15280430,2.145145893,7531880694
29/05/2021,714281715,15324399,2.145427872,7660150195
30/05/2021,715866771,15358372,2.14542323,7767321310
31/05/2021,717436730,15393576,2.145635337,7907071971
01/06/2021,719306163,15455095,2.148611509,8061239364
02/06/2021,721283685,15503517,2.149434033,8230251168
03/06/2021,723254858,15544902,2.149297973,8377716365
04/06/2021,724984304,15588241,2.150148757,8544023858
05/06/2021,726592523,15626426,2.150645032,8673052422
06/06/2021,727901742,15655928,2.150829857,8773220021
07/06/2021,729207202,15688614,2.151461746,8903839458
08/06/2021,730713527,15732224,2.152994767,9045419773
09/06/2021,732413472,15773686,2.153658637,9194552083
10/06/2021,734259714,15838337,2.157048344,9359238022
11/06/2021,735969695,15885937,2.15850423,9513444605
12/06/2021,737457756,15925653,2.159534274,9633207942
13/06/2021,738679692,15962852,2.160997814,9737172146
14/06/2021,739932304,15995046,2.161690456,9853849247
15/06/2021,741446967,16038560,2.163143247,10015425840
16/06/2021,743019328,16079365,2.164057434,10188579220
17/06/2021,744618810,16117029,2.164467078,10375168115
18/06/2021,746246749,16154220,2.164729029,10556057905
19/06/2021,747650429,16187273,2.165085764,10706268264
20/06/2021,748871519,16214358,2.165172208,10833331303
21/06/2021,750069748,16242535,2.16546995,11007825476
22/06/2021,751725257,16278910,2.16553985,11192410658
23/06/2021,753328868,16316836,2.16596452,11373550493
24/06/2021,754979979,16351820,2.165861408,11571504913
25/06/2021,756665396,16389170,2.165973241,11759784057
26/06/2021,758125591,16419764,2.165836927,11930237681
27/06/2021,759376635,16444189,2.165485247,12067148304
28/06/2021,760724500,16470577,2.165117201,12225851806
29/06/2021,762267884,16503793,2.165090954,12399093495
30/06/2021,763885308,16541009,2.165378602,12560435104
01/07/2021,765653680,16575448,2.164875378,12733239373
02/07/2021,767447879,16609177,2.164209121,12882429783
03/07/2021,768958196,16636939,2.16356872,13018783310
04/07/2021,770281533,16663503,2.163300337,13110247433
05/07/2021,771831137,16693125,2.162794969,13238310450
06/07/2021,773663965,16727253,2.162082475,13378974626
07/07/2021,775564789,16761708,2.161226017,13514451348
08/07/2021,777533692,16797577,2.160366448,13680808571
09/07/2021,779638605,16831341,2.158864491,13808786515
10/07/2021,781352301,16857819,2.157518315,13907020743
11/07/2021,782856360,16888330,2.157270588,13989353224
12/07/2021,784640137,16920670,2.156487949,14104844298
13/07/2021,786818831,16954385,2.154801631,14248025377
14/07/2021,789028397,16988948,2.153147854,14399813752
15/07/2021,791401671,17023648,2.151075569,14546232344
16/07/2021,793856160,17058780,2.14885024,14684690487
17/07/2021,795855313,17088922,2.147239796,14801370182
18/07/2021,797575874,17115160,2.145897407,14887209348
19/07/2021,799608128,17143824,2.144028231,15000243323
20/07/2021,801808532,17226909,2.148506571,15128695090
21/07/2021,804110553,17261713,2.146684052,15263183634
22/07/2021,806452136,17296971,2.144823013,15423095879
23/07/2021,809440845,17330427,2.141036878,15582139186
24/07/2021,811223342,17365331,2.140635026,15712354440
25/07/2021,813042052,17394695,2.139458218,15812964949
26/07/2021,815282162,17428534,2.137730324,15970134609
27/07/2021,817784673,17468100,2.136026827,16141733326
28/07/2021,820468403,17508949,2.134018682,16319859757
29/07/2021,823119883,17550198,2.13215576,16506495947
30/07/2021,826125602,17588667,2.129054826,16688156057
31/07/2021,828247073,17624145,2.127884972,16835525851
01/08/2021,830222209,17653697,2.126382167,16964992972
02/08/2021,832575088,17686154,2.124271343,17127903197
03/08/2021,835180429,17728093,2.122666239,17316633754
04/08/2021,837982278,17770379,2.120615133,17485465598
05/08/2021,840801654,17814514,2.118753444,17650017028
06/08/2021,844153308,17856651,2.115332704,17817125407
07/08/2021,846457777,17891536,2.113695034,17953150804
08/08/2021,848378851,17921392,2.112427953,18069784431
09/08/2021,850902767,17956753,2.110317853,18209932413
10/08/2021,853555729,18003425,2.109226661,18369779907
11/08/2021,856560452,18045829,2.106778215,18524981793
12/08/2021,859464460,18088130,2.104581497,18680564055
13/08/2021,862747220,18130290,2.101460263,18839989400
14/08/2021,865030481,18165370,2.099968776,18972713872
15/08/2021,866956195,18195109,2.098734527,19061434956
16/08/2021,869636290,18234539,2.096800606,19195828711
17/08/2021,872433532,18278042,2.095064131,19353692424
18/08/2021,875456079,18321803,2.092829491,19510757174
19/08/2021,878376384,18368037,2.091135114,19662410018
20/08/2021,881590419,18410362,2.088312396,19811819148
21/08/2021,883909211,18446255,2.086894759,19937965561
22/08/2021,885768598,18477252,2.08601344,20045097136
23/08/2021,888508777,18517578,2.084118748,20184344437
24/08/2021,891284533,18562430,2.082660398,20349130283
25/08/2021,894311114,18608367,2.080748714,20521124467
26/08/2021,897328187,18655274,2.078980051,20690883163
27/08/2021,900386234,18697224,2.076578172,20885304700
28/08/2021,902722078,18731293,2.074978939,21044528332
29/08/2021,904579617,18758497,2.073725369,21168546462
30/08/2021,907248739,18796906,2.071858046,21311513381
31/08/2021,909775364,18834521,2.070238627,21461523287
01/09/2021,912735886,18885033,2.069057795,21644652325
02/09/2021,915507762,18930589,2.067769361,21784619270
03/09/2021,918468873,18973878,2.065816116,21913714491
04/09/2021,920541195,19005216,2.064569853,22012790401
05/09/2021,922405696,19031423,2.063237801,22111141865
06/09/2021,924284577,19064001,2.062568334,22216751942
07/09/2021,926963397,19106612,2.061204581,22365893812
08/09/2021,929567956,19147773,2.059857257,22522360980
09/09/2021,932195570,19191260,2.05871607,22671805319
10/09/2021,934889124,19228522,2.056770317,22798651026
11/09/2021,936845905,19262530,2.056104413,22935493204
12/09/2021,938393014,19285083,2.055117921,23033135900
13/09/2021,940680093,19321914,2.054036664,23163889129
14/09/2021,942935015,19362399,2.053418177,23265887193
15/09/2021,945250120,19404883,2.052883421,23393226327
16/09/2021,947665462,19447439,2.052141793,23524765496
17/09/2021,950213021,19484182,2.050506736,23644899615
18/09/2021,952381959,19510783,2.04863005,23796030055
19/09/2021,953893763,19535220,2.047945039,23892489869
20/09/2021,955994953,19568496,2.046924614,23988179492
21/09/2021,957997736,19606956,2.046659952,24098768902
22/09/2021,960189935,19646514,2.046107055,24211468746
23/09/2021,962434485,19686743,2.045515129,24340775819
24/09/2021,964683521,19722269,2.044428931,24473084039
25/09/2021,966243225,19744689,2.043449153,24563311356
26/09/2021,967727216,19766971,2.042618072,24639702519
27/09/2021,969642386,19798030,2.041786775,24772555969
28/09/2021,971496458,19836463,2.041846147,24878500558
29/09/2021,973518409,19874337,2.041495756,25016459790
30/09/2021,975540588,19910449,2.040965721,25134047598
01/10/2021,977685863,19945659,2.040088719,25237068782
02/10/2021,979165097,19969993,2.039491916,25329550271
03/10/2021,980456542,19987524,2.038593568,25397823085
04/10/2021,982234918,20016490,2.037851601,25481490829
05/10/2021,983981014,20046949,2.037330875,25588626339
06/10/2021,986074202,20084503,2.036814568,25688862286
07/10/2021,987989189,20121068,2.036567629,25785538577
08/10/2021,989958325,20152224,2.035663875,25898106301
09/10/2021,991402800,20172462,2.03473926,25993553264
10/10/2021,992736855,20191628,2.033935569,26077112424
11/10/2021,994281060,20215362,2.033163741,26152106474
12/10/2021,996097085,20248448,2.032778562,26252872948
13/10/2021,997994958,20285120,2.032587423,26348996862
14/10/2021,999890011,20317926,2.032016099,26444547441
15/10/2021,1001800569,20347630,2.031105854,26539866633
16/10/2021,1003269599,20369865,2.030348076,26612687664
17/10/2021,1004602447,20387518,2.029411541,26684927200
18/10/2021,1006304017,20414086,2.028620144,26774973978
19/10/2021,1008109344,20447523,2.028304084,26893164498
20/10/2021,1010114571,20483331,2.027822545,27017565726
21/10/2021,1012067167,20515132,2.02705242,27117032287
22/10/2021,1014145885,20548859,2.02622318,27230784389
23/10/2021,1015770216,20573433,2.025402269,27314730418
24/10/2021,1017127207,20592246,2.024549718,27401478711
25/10/2021,1018916484,20620031,2.023721406,27484114512
26/10/2021,1020721041,20652548,2.02332931,27602411425
27/10/2021,1022906724,20690675,2.022733306,27717465592
28/10/2021,1024971658,20727462,2.022247331,27836211237
29/10/2021,1027076229,20759967,2.021268375,27972913375
30/10/2021,1028764555,20785247,2.020408547,28117758235
31/10/2021,1030307015,20804126,2.019216185,28201780087
01/11/2021,1032078064,20830144,2.018272137,28293579408
02/11/2021,1033785179,20860255,2.017852009,28392574137
03/11/2021,1036042401,20895740,2.016880774,28519088198
04/11/2021,1038280739,20927890,2.015629224,28645429475
05/11/2021,1040540553,20963868,2.014709368,28760214138
06/11/2021,1042447732,20992024,2.013724368,28863507167
07/11/2021,1044009712,21010871,2.012516815,28963116413
08/11/2021,1046028715,21038616,2.011284748,29081369685
09/11/2021,1048044015,21072712,2.010670516,29215647413
10/11/2021,1050548909,21107844,2.009220496,29361111343
11/11/2021,1052827227,21140297,2.007955005,29496523766
12/11/2021,1055423587,21177727,2.006561845,29643681665
13/11/2021,1057344014,21205120,2.005508115,29769325153
14/11/2021,1059005813,21224715,2.004211378,29857089796
15/11/2021,1061281191,21253130,2.00259179,29959003009
16/11/2021,1063500447,21285737,2.001478895,30080367231
17/11/2021,1066216458,21324817,2.000045754,30216728786
18/11/2021,1068966045,21360193,1.998210617,30342415025
19/11/2021,1071669803,21394061,1.996329554,30466166378
20/11/2021,1073899244,21420611,1.994657424,30600126873
21/11/2021,1075761432,21439884,1.992996157,30686812877
22/11/2021,1078405641,21469978,1.990900009,30802840187
23/11/2021,1080995740,21504204,1.989295906,30936384698
24/11/2021,1083927234,21540848,1.987296501,31082359104
25/11/2021,1086625141,21574358,1.98544624,31207683773
26/11/2021,1089384749,21603943,1.983132499,31365847310
27/11/2021,1091563887,21630095,1.981569311,31472323297
28/11/2021,1093491373,21650621,1.979953526,31596960568
29/11/2021,1096245695,21682106,1.97785096,31725489743
30/11/2021,1098900120,21716655,1.976217365,31879970110
01/12/2021,1102019028,21756358,1.974227073,32047163455
02/12/2021,1105166106,21799119,1.972474444,32207948765
03/12/2021,1108406570,21835628,1.970001675,32352003846
04/12/2021,1110800429,21860718,1.968014904,32504049440
05/12/2021,1112835332,21891227,1.967157797,32603927370
06/12/2021,1115421795,21920556,1.96522572,32721657276
07/12/2021,1118262492,21954250,1.963246568,32861491725
08/12/2021,1121408900,21990070,1.960932359,32999653342
09/12/2021,1124510161,22026850,1.958795106,33154921460
10/12/2021,1127568927,22061458,1.956550724,33294645443
11/12/2021,1129869851,22088612,1.954969591,33469655682
12/12/2021,1131877874,22108064,1.953219911,33572755986
13/12/2021,1134517715,22134702,1.951023039,33697228428
14/12/2021,1137316782,22168376,1.949182176,33866143361
15/12/2021,1140573441,22207173,1.947018246,34027623788
16/12/2021,1143830080,22239170,1.944272177,34180793976
17/12/2021,1147181730,22270483,1.941321276,34356403512
18/12/2021,1149691252,22296698,1.939363978,34511011851
19/12/2021,1151912806,22315402,1.937247497,34618842942
20/12/2021,1155070678,22343571,1.93438994,34783843783
21/12/2021,1158372767,22376467,1.931715561,34957859734
22/12/2021,1162341002,22420371,1.928897885,35108954658
23/12/2021,1166734694,22451577,1.924308681,35268994279
24/12/2021,1170583259,22477710,1.920214545,35402404318
25/12/2021,1173680267,22496536,1.91675166,35529132166
26/12/2021,1176111859,22512345,1.914132982,35614307440
27/12/2021,1181592022,22539164,1.907525066,35742993442
28/12/2021,1187430928,22571845,1.900897515,35911197304
29/12/2021,1194859028,22605732,1.89191624,36091971703
30/12/2021,1203378138,22638194,1.881220315,36232348007
31/12/2021,1210981023,22666974,1.871786062,36368956784
01/01/2022,1216433569,22685948,1.864955767,36445431279
02/01/2022,1220325255,22699683,1.860133838,36516046229
03/01/2022,1230464019,22723734,1.846761356,36637868187
04/01/2022,1241330075,22757616,1.833325113,36776358850
05/01/2022,1252622350,22791477,1.819501065,36924036966
06/01/2022,1264083589,22823955,1.805573239,37069989286
07/01/2022,1276875379,22854329,1.789863708,37236193508
08/01/2022,1286374722,22877750,1.778467006,37332088325
09/01/2022,1295166397,22894276,1.767670629,37440451777
10/01/2022,1308666390,22921150,1.751489163,37564545541
11/01/2022,1321905401,22960449,1.736920734,37729334968
12/01/2022,1336813348,22999542,1.720475191,37867307594
13/01/2022,1350550032,23034681,1.705577761,38009702932
14/01/2022,1364934744,23068544,1.690084021,38119126025
15/01/2022,1375753350,23095582,1.678758914,38240108033
16/01/2022,1385170253,23113839,1.668664119,38343443243
17/01/2022,1396617314,23139786,1.656845133,38471665921
18/01/2022,1412964390,23179175,1.640464202,38566661171
19/01/2022,1430626865,23221454,1.623166359,38727787971
20/01/2022,1446949988,23262696,1.607705601,38852100205
21/01/2022,1463634220,23304497,1.592235046,38973483423
22/01/2022,1475799567,23330754,1.580889067,39073210136
23/01/2022,1486488220,23351691,1.570930108,39147016342
24/01/2022,1501180370,23387360,1.557931376,39236857599
25/01/2022,1517308939,23432872,1.544370523,39349128587
26/01/2022,1533817937,23478400,1.530716223,39459896208
27/01/2022,1550134094,23522086,1.51742266,39564263202
28/01/2022,1566137234,23573849,1.505222434,39670797427
29/01/2022,1578201438,23607832,1.495869376,39751982390
30/01/2022,1588221500,23630580,1.487864256,39825008580
31/01/2022,1603411578,23672726,1.476397347,39907666074
01/02/2022,1617239876,23729993,1.467314364,39987928257
02/02/2022,1631291323,23781276,1.45781907,40073716639
03/02/2022,1645304266,23830484,1.44839374,40156717570
04/02/2022,1658172883,23885156,1.440450284,40246976173
05/02/2022,1668382910,23920444,1.433750241,40328458434
06/02/2022,1676649797,23945040,1.428147968,40389797046
07/02/2022,1688246102,23991332,1.421080254,40463822317
08/02/2022,1699691810,24045995,1.414726767,40571154115
09/02/2022,1710266345,24101749,1.409239506,40690928205
10/02/2022,1722695784,24152403,1.40201208,40784749528
11/02/2022,1733264056,24202958,1.39638031,40912280900
12/02/2022,1741695988,24239937,1.391743287,40996133333
13/02/2022,1748322302,24261778,1.387717698,41074692229
14/02/2022,1755652798,24307671,1.38453748,41160332830
15/02/2022,1763735479,24353153,1.380771283,41256163680
16/02/2022,1773564348,24408823,1.3762581,41352077725
17/02/2022,1782561070,24460375,1.372204039,41463483284
18/02/2022,1791157303,24505410,1.368132769,41566477213
19/02/2022,1798366081,24541132,1.364634946,41662410134
20/02/2022,1804006114,24563384,1.361602037,41720913107
21/02/2022,1810018992,24593971,1.358768671,41801013018
22/02/2022,1817196530,24637122,1.355776417,41889808141
23/02/2022,1825483829,24687647,1.352389247,41979419588
24/02/2022,1833253666,24732918,1.349126881,42078664875
25/02/2022,1840420799,24770993,1.345941809,42176041884
26/02/2022,1846661269,24798990,1.342909521,42255821846
27/02/2022,1851612959,24818274,1.340359705,42314223929
28/02/2022,1857171302,24849123,1.338009206,42399303001
01/03/2022,1864090527,24886024,1.335022288,42458106587
02/03/2022,1871240267,24920279,1.331751964,42533340928
03/03/2022,1878882362,24955071,1.328186985,42604822424
04/03/2022,1886522085,24991689,1.324749347,42679020995
05/03/2022,1892936815,25016065,1.321547809,42744312467
06/03/2022,1898206619,25033276,1.318785624,42787804374
07/03/2022,1904301575,25064880,1.316224296,42848298919
08/03/2022,1911818275,25095861,1.312669793,42909734734
09/03/2022,1919755844,25129074,1.308972392,42977392967
10/03/2022,1927936717,25160707,1.305058759,43047775739
11/03/2022,1936094868,25186781,1.300906346,43117145883
12/03/2022,1943849195,25207105,1.296762376,43171918897
13/03/2022,1949398768,25221522,1.293810298,43214876197
14/03/2022,1956206587,25243626,1.290437634,43272959242
15/03/2022,1964089225,25268060,1.286502654,43334044309
16/03/2022,1973729528,25297029,1.281686707,43398508833
17/03/2022,1982767207,25326663,1.277339211,43461221939
18/03/2022,1991080693,25350012,1.273178535,43518688281
19/03/2022,1998661609,25366437,1.269171174,43565493017
20/03/2022,2003442330,25379637,1.266801476,43607858786
21/03/2022,2009759819,25445899,1.266116416,43663021527
22/03/2022,2018422652,25467188,1.261737128,43732972693
23/03/2022,2026370704,25492486,1.258036644,43805910805
24/03/2022,2034289195,25514799,1.254236569,43872026024
25/03/2022,2042112738,25552120,1.251259028,43929217738
26/03/2022,2048217598,25564664,1.248141996,43988967052
27/03/2022,2052456131,25575159,1.246075792,44035240533
28/03/2022,2058692490,25591995,1.243118879,44114580058
29/03/2022,2066459261,25612021,1.239415723,44195189512
30/03/2022,2073514639,25633109,1.236215483,44275830627
31/03/2022,2081754985,25654150,1.232332824,44338805716
01/04/2022,2086820488,25673434,1.230265571,44384725988
02/04/2022,2091586795,25684967,1.228013442,44423416977
03/04/2022,2095158533,25692472,1.226278184,44457197194
04/04/2022,2098995768,25705449,1.224654637,44493277524
05/04/2022,2105062222,25724176,1.222014995,44540936838
06/04/2022,2111477469,25755288,1.219775649,44587445212
07/04/2022,2117025288,25774065,1.21746609,44635291949
08/04/2022,2122125144,25791602,1.215366684,44682657808
09/04/2022,2125640148,25800834,1.213791244,44722147994
10/04/2022,2128249023,25807495,1.212616321,44751032683
11/04/2022,2132398991,25820386,1.210860918,44789751746
12/04/2022,2137286367,25835268,1.208788321,44832506017
13/04/2022,2141961736,25854110,1.207029498,44870849482
14/04/2022,2146279504,25869599,1.20532293,44910414811
15/04/2022,2149351165,25879628,1.204066996,44940662739
16/04/2022,2151981909,25885852,1.202884276,44968884715
17/04/2022,2153880771,25891669,1.202093883,44992118237
18/04/2022,2155891550,25897630,1.2012492,45025437745
19/04/2022,2160053812,25912463,1.199621179,45072669844
20/04/2022,2164342659,25932151,1.19815367,45111342466
21/04/2022,2168403641,25947558,1.196620293,45157921136
22/04/2022,2172027992,25960251,1.195207939,45201036700
23/04/2022,2174321715,25966529,1.194235831,45235940030
24/04/2022,2176019898,25970901,1.193504757,45263334295
25/04/2022,2178559452,25981400,1.192595409,45298548198
26/04/2022,2181355638,25999555,1.191898953,45340398645
27/04/2022,2185081882,26015026,1.190574423,45393359517
28/04/2022,2188329559,26028457,1.189421259,45439939629
29/04/2022,2191162429,26039799,1.188401127,45488859284
30/04/2022,2192767889,26045660,1.187798313,45522395228
01/05/2022,2194129231,26050078,1.187262702,45549610707
02/05/2022,2196145853,26057647,1.186517142,45571267281
03/05/2022,2199124044,26069781,1.185462051,45597451644
04/05/2022,2201823679,26085683,1.184730787,45621733683
05/05/2022,2204445630,26097212,1.183844666,45649302337
06/05/2022,2207167174,26107031,1.182829797,45681902133
07/05/2022,2208674662,26111463,1.182223143,45709039980
08/05/2022,2209894414,26114714,1.181717725,45731020302
09/05/2022,2212976572,26123686,1.180477296,45756528903
10/05/2022,2215738469,26133197,1.17943509,45786685355
11/05/2022,2218699911,26144116,1.178352957,45822798836
12/05/2022,2221490648,26152158,1.177234666,45856221358
13/05/2022,2224006086,26160746,1.176289317,45886774671
14/05/2022,2225897027,26164570,1.175461833,45912691560
15/05/2022,2227483184,26167510,1.174756792,45933545805
16/05/2022,2230062362,26175102,1.173738567,45958512694
17/05/2022,2232674316,26183569,1.172744668,45988085024
18/05/2022,2235897386,26193979,1.171519729,46020027507
19/05/2022,2238409815,26201861,1.170556921,46052908861
20/05/2022,2241028751,26210238,1.169562773,46085705174
21/05/2022,2242620308,26214794,1.168935905,46112102587
22/05/2022,2243956691,26217043,1.168339973,46133891263
23/05/2022,2246064298,26224084,1.167557136,46158118675
24/05/2022,2248562027,26231572,1.166593213,46185419961
25/05/2022,2251248987,26242738,1.165696827,46212941501
26/05/2022,2253415816,26249034,1.164855319,46240555330
27/05/2022,2255875035,26257471,1.163959466,46275160371
28/05/2022,2257073166,26260447,1.163473449,46299796855
29/05/2022,2258214189,26262851,1.162992028,46317995031
30/05/2022,2259948304,26268395,1.162344951,46338561416
31/05/2022,2262612629,26274898,1.16126365,46365749329
01/06/2022,2265554576,26283958,1.160155587,46394079853
02/06/2022,2267801376,26290757,1.159305981,46415881281
03/06/2022,2270130653,26297355,1.158407115,46440184939
04/06/2022,2271190149,26299924,1.157979838,46472649398
05/06/2022,2272293719,26303068,1.157555812,46502901505
06/06/2022,2274083136,26307362,1.156833784,46537908895
07/06/2022,2276933793,26316818,1.155800756,46581536050
08/06/2022,2279955712,26327596,1.154741553,46617147147
09/06/2022,2282435361,26334435,1.153786672,46653970768
10/06/2022,2284788370,26341618,1.152912819,46685585685
11/06/2022,2285945802,26345258,1.152488304,46713287646
12/06/2022,2286783786,26347408,1.152159997,46736683326
13/06/2022,2289193579,26354579,1.151260393,46763861854
14/06/2022,2293000188,26362768,1.149706317,46793580122
15/06/2022,2296100486,26370972,1.148511233,46822822567
16/06/2022,2298352523,26378499,1.147713361,46853830937
17/06/2022,2300936496,26384227,1.146673411,46883416282
18/06/2022,2301889374,26386655,1.146304219,46909779853
19/06/2022,2303033336,26389197,1.145845203,46927899521
20/06/2022,2306549098,26396464,1.144413705,46959109472
21/06/2022,2310176862,26403584,1.142924788,46995711225
22/06/2022,2313708263,26412121,1.141549322,47034931429
23/06/2022,2317157126,26419775,1.140180556,47074737830
24/06/2022,2320536417,26427436,1.138850302,47114756801
25/06/2022,2321870087,26430335,1.138321009,47149138449
26/06/2022,2323069857,26432738,1.137836554,47179215655
27/06/2022,2327204626,26439221,1.136093522,47206910802
28/06/2022,2331413564,26447816,1.134411175,47242226930
29/06/2022,2335562371,26455342,1.132718284,47274852842
30/06/2022,2340214902,26461200,1.13071667,47304272005
01/07/2022,2344409977,26469287,1.129038319,47331713402
02/07/2022,2345944272,26472284,1.128427658,47354342877
03/07/2022,2347468863,26475042,1.127812275,47373659234
04/07/2022,2351595100,26479681,1.126030625,47396883414
05/07/2022,2356980347,26488705,1.123840724,47424899202
06/07/2022,2362379678,26499177,1.121715415,47452204652
07/07/2022,2367028917,26510264,1.119980572,47479734402
08/07/2022,2371464680,26519929,1.118293231,47508559323
09/07/2022,2373595137,26523578,1.117443223,47529041067
10/07/2022,2375396665,26526585,1.116722331,47544664051
11/07/2022,2380446525,26534074,1.11466793,47569331206
12/07/2022,2385786082,26543739,1.112578332,47590156049
13/07/2022,2392050997,26557834,1.110253671,47614762605
14/07/2022,2396194130,26565862,1.108669021,47647701049
15/07/2022,2400579069,26575435,1.107042686,47678092697
16/07/2022,2402895024,26579372,1.106139541,47698428426
17/07/2022,2404800363,26582740,1.105403193,47715566652
18/07/2022,2410404586,26591284,1.103187579,47745114167
19/07/2022,2417350882,26603909,1.100539818,47782527316
20/07/2022,2424128623,26620200,1.0981348,47813876449
21/07/2022,2428969106,26630114,1.096354578,47847141501
22/07/2022,2433647549,26642212,1.094744061,47882075372
23/07/2022,2436272905,26646813,1.093753206,47911292561
24/07/2022,2438486881,26650404,1.092907418,47932698331
25/07/2022,2442965454,26658684,1.091242774,47953453581
26/07/2022,2448024590,26670640,1.089475984,47981253136
27/07/2022,2454085558,26689382,1.087548961,48007299807
28/07/2022,2458549909,26700373,1.086021191,48014475516
29/07/2022,2464388978,26713082,1.083963702,48021184370
30/07/2022,2466748384,26717234,1.083095227,48026898204
31/07/2022,2468959473,26720626,1.082262641,48030792793
01/08/2022,2472724849,26730831,1.081027313,48033181639
02/08/2022,2477937599,26742952,1.079242351,48037211894
